<BackupInst xmlns="http://www.microsoft.com/GroupPolicy/GPOOperations/Manifest"><GPOGuid><![CDATA[{8716C610-6EF0-4D63-A471-9A1191E734AC}]]></GPOGuid><GPODomain><![CDATA[project.local]]></GPODomain><GPODomainGuid><![CDATA[{6bcd93bf-db05-405e-aa2d-2ebaa00defc5}]]></GPODomainGuid><GPODomainController><![CDATA[DC1.project.local]]></GPODomainController><BackupTime><![CDATA[2022-12-01T10:28:51]]></BackupTime><ID><![CDATA[{95238394-CAF6-4D08-AD38-CD47964A4C0D}]]></ID><Comment><![CDATA[Backup GPO FLO]]></Comment><GPODisplayName><![CDATA[FLO]]></GPODisplayName></BackupInst>
