<?xml version="1.0" encoding="utf-8"?>
<Drives clsid="{8FDDCC1A-0C3C-43cd-A6B4-71A6DF20DA8C}"><Drive clsid="{935D1B74-9CB8-4e3c-9914-7DD559B7A417}" name="O:" status="O:" image="0" changed="2022-12-05 17:08:53" uid="{3D325155-BA7A-4B8D-AF7E-3EB910C79B3F}" bypassErrors="1"><Properties action="C" thisDrive="SHOW" allDrives="SHOW" userName="" path="\\FS1\oktatok" label="\\FS1\oktatok" persistent="0" useLetter="1" letter="O"/><Filters><FilterOrgUnit bool="AND" not="0" name="OU=Oktatok,DC=project,DC=local" userContext="1" directMember="0"/></Filters></Drive>
	<Drive clsid="{935D1B74-9CB8-4e3c-9914-7DD559B7A417}" name="H:" status="H:" image="0" changed="2022-12-05 17:08:26" uid="{E4A18384-0F5F-48FE-BDEB-4BE2156AEE03}" bypassErrors="1"><Properties action="C" thisDrive="SHOW" allDrives="SHOW" userName="" path="\\FS1\hallgatok" label="\\FS1\hallgatok" persistent="0" useLetter="1" letter="H"/><Filters><FilterOrgUnit bool="OR" not="0" name="OU=Hallgatok,DC=project,DC=local" userContext="1" directMember="0"/><FilterOrgUnit bool="OR" not="0" name="OU=Oktatok,DC=project,DC=local" userContext="1" directMember="0"/></Filters></Drive>
	<Drive clsid="{935D1B74-9CB8-4e3c-9914-7DD559B7A417}" name="V:" status="V:" image="0" changed="2022-12-05 15:58:19" uid="{0ED12F28-36F1-4BBB-B817-635AA1C5AD43}" bypassErrors="1"><Properties action="C" thisDrive="NOCHANGE" allDrives="NOCHANGE" userName="" path="\\FS1\vizsga" label="\\FS1\vizsga" persistent="0" useLetter="1" letter="V"/><Filters><FilterOrgUnit bool="AND" not="0" name="OU=Hallgatok,DC=project,DC=local" userContext="1" directMember="0"/><FilterOrgUnit bool="OR" not="0" name="OU=Oktatok,DC=project,DC=local" userContext="1" directMember="0"/></Filters></Drive>
	<Drive clsid="{935D1B74-9CB8-4e3c-9914-7DD559B7A417}" name="Z:" status="Z:" image="0" changed="2022-12-05 17:09:34" uid="{B216375A-480E-4479-A07A-50E12E17867E}" bypassErrors="1"><Properties action="C" thisDrive="SHOW" allDrives="SHOW" userName="" path="\\FS1\Home\%Username%" label="" persistent="0" useLetter="1" letter="Z"/><Filters><FilterOrgUnit bool="AND" not="0" name="OU=Oktatok,DC=project,DC=local" userContext="1" directMember="0"/><FilterOrgUnit bool="OR" not="0" name="OU=Hallgatok,DC=project,DC=local" userContext="1" directMember="0"/></Filters></Drive>
</Drives>
