<Backups xmlns="http://www.microsoft.com/GroupPolicy/GPOOperations/Manifest" xmlns:mfst="http://www.microsoft.com/GroupPolicy/GPOOperations/Manifest" mfst:version="1.0"><BackupInst><GPOGuid><![CDATA[{4166A5D2-535B-4621-A1C5-647FCB59D3F0}]]></GPOGuid><GPODomain><![CDATA[project.local]]></GPODomain><GPODomainGuid><![CDATA[{42a71e56-e89f-439f-ad05-f1621cae62cf}]]></GPODomainGuid><GPODomainController><![CDATA[DC1.project.local]]></GPODomainController><BackupTime><![CDATA[2022-12-05T17:15:48]]></BackupTime><ID><![CDATA[{5A6DE337-B18E-47F3-8466-52730C73D2B7}]]></ID><Comment><![CDATA[Shared Folders]]></Comment><GPODisplayName><![CDATA[Shared-Folders]]></GPODisplayName></BackupInst></Backups>